,NOM_ZM,POBFEM_%,POBMAS_%,P_0A2_%,P_3A5_%,P_6A11_%,P_12A14_%,P_15A17_%,POB15_64_%,P_60YMAS_%,PNACOE_%,PNACOE_F_%,PRESOE15_%,PCON_DISC_%,P15YM_AN_%,P15SEC_CO_%,P18YM_PB_%,PE_INAC_%,POCUPADA_%,POCUPADA_F_%,POCUPADA_M_%,PDESOCUP_%,PSINDER_%,OTRAS_DERECH,PDER_IMSS_%,PDER_SEGP_%,PAFIL_IPRIV_%,OTRAS_DERECH_%,PCATOLICA_%,PRO_CRIEVA_%,POTRAS_REL_%,PSIN_RELIG_%,HOGJEF_F_%,PHOGJEF_F_%,PHOGJEF_M_%,TVIVHAB_%,VPH_1DOR_%,VPH_C_ELEC_%,VPH_AGUADV_%,VPH_TINACO_%,VPH_CISTER_%,VPH_EXCSA_%,VPH_DRENAJ_%,VPH_REFRI_%,VPH_LAVAD_%,VPH_BICI_%,VPH_TV_%,VPH_PC_%,VPH_CEL_%,VPH_INTER_%,VPH_SPMVPI_%,POBHOG_%,PROM_OCUP,PRO_OCUP_C
0,Guadalajara,51.0,49.0,4.3,5.0,9.8,4.9,5.0,67.4,11.4,13.6,51.0,17.5,4.3,1.8,23.5,53.2,27.272549548821118,51.53354507670098,43.100152553222365,56.899847446777635,0.7825545937643894,30.0,526110,56.7,6.2,3.8,10.0,87.6,5.3,0.1,5.8,35.00088630314533,32.876624251288504,67.1233757487115,82.5,18.1,81.5,81.3,61.9,36.7,81.4,81.4,78.7,69.0,19.2,78.7,41.9,76.9,56.7,25.4,99.5,30,6
1,Monterrey,50.0,50.0,4.5,5.1,9.5,4.7,4.7,68.7,11.0,23.7,50.1,21.2,3.7,1.3,28.1,53.8,30.349359326605352,48.976452193963986,39.428858462360644,60.571141537639356,0.9630461600504907,19.0,694843,64.3,7.0,6.0,13.0,77.7,11.8,0.1,9.9,27.307867824488255,25.205720296985096,74.79427970301491,82.9,19.2,82.5,82.3,11.2,2.0,82.3,82.4,80.1,72.3,8.5,79.3,41.0,77.4,59.7,25.9,99.7,54,7
2,Puebla-Tlaxcala,51.9,48.1,4.4,5.0,9.7,5.0,5.2,68.2,11.3,13.7,54.5,22.3,3.7,2.8,21.4,53.6,30.28007238563164,49.23116832784815,42.656075613617865,57.343924386382135,1.0740014939694267,30.9,849162,35.2,24.1,2.4,26.5,83.1,8.1,0.2,8.3,33.242237239369345,30.17885710077575,69.82114289922424,81.9,21.7,81.4,79.4,65.3,46.8,80.3,80.7,70.1,57.6,24.1,76.7,35.5,74.1,46.9,17.1,99.7,145,27
3,Valle de México,51.7,48.3,3.5,4.2,8.6,4.6,4.7,69.9,13.6,30.2,53.5,10.8,4.9,1.8,23.0,56.4,30.718780032484098,51.49489452069904,43.5995953763609,56.4004046236391,1.1585536298330874,31.1,3798951,40.7,14.3,3.1,17.4,75.7,7.8,0.5,15.6,36.04444120595498,33.333861329314914,66.66613867068509,87.9,26.9,87.6,86.3,71.3,44.1,87.1,87.2,80.4,70.3,20.9,84.1,44.9,80.0,59.5,23.3,99.6,234,35
